MAE,RMSE,MAPE_pct,sMAPE_pct,n_points
2801.8232421875,5123.28857421875,5.35588338971138,4.9165427684783936,30
