MAE,RMSE,MAPE_pct,sMAPE_pct,n_points
2951.291748046875,5397.6435546875,5.4730381816625595,5.046403408050537,30
