MAE,RMSE,MAPE_pct,sMAPE_pct,n_points
38349.4921875,51148.90625,6.5193407237529755,6.086212024092674,30
