MAE,RMSE,MAPE_pct,sMAPE_pct,n_points
25375.80078125,34929.53125,4.240589216351509,4.196038097143173,30
