MAE,RMSE,MAPE_pct,sMAPE_pct,n_points
2001.64013671875,2861.456787109375,5.443654954433441,5.156052857637405,30
