MAE,RMSE,MAPE_pct,sMAPE_pct,n_points
1976.765380859375,2954.309326171875,5.327439680695534,5.051831901073456,30
