MAE,RMSE,MAPE_pct,sMAPE_pct,n_points
2895.1181640625,3646.73291015625,5.5248502641916275,5.282901227474213,30
