MAE,RMSE,MAPE_pct,sMAPE_pct,n_points
3179.866943359375,4187.1025390625,6.478766351938248,6.118509918451309,30
