MAE,RMSE,MAPE_pct,sMAPE_pct,n_points
2835.077392578125,3584.02978515625,5.402142554521561,5.172288790345192,30
