MAE,RMSE,MAPE_pct,sMAPE_pct,n_points
2791.556396484375,3671.407958984375,5.402551591396332,5.241736397147179,30
