MAE,RMSE,MAPE_pct,sMAPE_pct,n_points
1547.7174072265625,2142.5732421875,4.883930459618568,4.832073301076889,30
