MAE,RMSE,MAPE_pct,sMAPE_pct,n_points
16999.408203125,20105.994140625,4.932365566492081,4.863424599170685,30
