MAE,RMSE,MAPE_pct,sMAPE_pct,n_points
15559.76171875,22790.134765625,4.602646455168724,4.568372763962207,30
