MAE,RMSE,MAPE_pct,sMAPE_pct,n_points
2397.3203125,3414.596435546875,4.405129328370094,4.382262751460075,30
