MAE,RMSE,MAPE_pct,sMAPE_pct,n_points
2027.226806640625,2938.20703125,4.016893729567528,3.8638312369585037,30
